id;num_dossier;type_demandeur;nom;prenom;adresse;region;telephone;email;photo;photo_content_type;cv;cv_content_type;lettre_motivation;diplome_requis;niveau_etude;profession
1;markets multi-tasking oriental;PROFESSIONNEL;Home deliverables;Bedfordshire Frozen;connecting teal;KAOLACK;0306255468;Adodat34@gmail.com;../fake-data/blob/hipster.png;image/png;../fake-data/blob/hipster.png;image/png;../fake-data/blob/hipster.txt;MASTER;Cinquieme;calculating bandwidth-monitored
2;web-enabled;PROFESSIONNEL;mission-critical PCI d'Argenteuil;Borders;parsing approach connecting;KAOLACK;+33 314617508;Aquilin.Roy@yahoo.fr;../fake-data/blob/hipster.png;image/png;../fake-data/blob/hipster.png;image/png;../fake-data/blob/hipster.txt;CAP;Master;Gabon
3;Card;PROFESSIONNEL;invoice XML;system;deposit scale;FATICK;0573237009;Maureen5@gmail.com;../fake-data/blob/hipster.png;image/png;../fake-data/blob/hipster.png;image/png;../fake-data/blob/hipster.txt;MASTER;BT1;Configurable Soap grey
4;deposit Architecte;PROFESSIONNEL;a Dong;d'Assas Down-sized Mouse;incremental Programmable digital;TAMBACOUNDA;+33 330706205;Fulbert_Nicolas@gmail.com;../fake-data/blob/hipster.png;image/png;../fake-data/blob/hipster.png;image/png;../fake-data/blob/hipster.txt;MASTER;CAP1;parse SMTP SMS
5;input Distributed;PROFESSIONNEL;b;productize Forint monitor;b;THIES;+33 634867893;Clien.Dupuis@yahoo.fr;../fake-data/blob/hipster.png;image/png;../fake-data/blob/hipster.png;image/png;../fake-data/blob/hipster.txt;Autres;Troisieme;Bike
6;Self-enabling JBOD b;PROFESSIONNEL;Solférino Secured;Checking;reboot Serbian Sleek;SEDHIOU;+33 634646612;Florie_Renard@yahoo.fr;../fake-data/blob/hipster.png;image/png;../fake-data/blob/hipster.png;image/png;../fake-data/blob/hipster.txt;MASTER;BEP2;deposit Market
7;Pizza Intuitive Towels;ELEVE;grow SSL;withdrawal Public-key;primary;FATICK;0684469429;Berthe.Laine6@hotmail.fr;../fake-data/blob/hipster.png;image/png;../fake-data/blob/hipster.png;image/png;../fake-data/blob/hipster.txt;BAC;Licence3;Maldives
8;CSS up engage;ETUDIANT;deposit Health;whiteboard Pizza;indexing alarm;LOUGA;+33 568339789;Oriande47@gmail.com;../fake-data/blob/hipster.png;image/png;../fake-data/blob/hipster.png;image/png;../fake-data/blob/hipster.txt;BFEM;Premiere;Chips neural Granite
9;Toys CSS;ELEVE;Industrial vertical hack;Gorgeous;Hat synthesizing hack;SEDHIOU;+33 690071890;Adam_Dubois@gmail.com;../fake-data/blob/hipster.png;image/png;../fake-data/blob/hipster.png;image/png;../fake-data/blob/hipster.txt;BT;BT1;Avon withdrawal
10;interactive;PROFESSIONNEL;bluetooth deposit;Secured interfaces USB;methodology;KOLDA;0291088915;Rmi19@gmail.com;../fake-data/blob/hipster.png;image/png;../fake-data/blob/hipster.png;image/png;../fake-data/blob/hipster.txt;CAP;Licenece1;Bosnie-Herzégovine
