id;nom_etablissement;photo;photo_content_type;adresse;email;telephone;type_etablissement
1;support purple neural;../fake-data/blob/hipster.png;image/png;edge Health Nam;Quita.Garcia@hotmail.fr;16294;CFP
2;hack b programming;../fake-data/blob/hipster.png;image/png;a Borders full-range;Tonnin31@hotmail.fr;97091;CFP
3;Kirghizistan Berkshire reciprocal;../fake-data/blob/hipster.png;image/png;la bus purple;Stphanie.Dupuy8@hotmail.fr;16379;CFP
4;payment;../fake-data/blob/hipster.png;image/png;Chips;Johan24@yahoo.fr;83921;LYCEE
5;calculating;../fake-data/blob/hipster.png;image/png;compress Account sexy;Fulgence73@yahoo.fr;49965;CFP
6;Pound 9(E.U.A.-9);../fake-data/blob/hipster.png;image/png;deposit Grocery;Archibald.Marchand78@gmail.com;88082;LYCEE
7;efficient intuitive;../fake-data/blob/hipster.png;image/png;Beauty;Aliz_Durand@yahoo.fr;65799;CFP
8;Account integrated;../fake-data/blob/hipster.png;image/png;metrics Ingenieur didactic;Adalbaude41@hotmail.fr;69542;LYCEE
9;demand-driven clicks-and-mortar;../fake-data/blob/hipster.png;image/png;Account;Foulques.Vincent@hotmail.fr;85690;LYCEE
10;Centre uniform Steel;../fake-data/blob/hipster.png;image/png;Optional;Toussaint42@gmail.com;33031;LYCEE
