id;logo;logo_content_type;nom_service;chef_service;description;is_pilotage
1;../fake-data/blob/hipster.png;image/png;Cotton Helena Jewelery;bypassing Champagne-Ardenne Berkshire;../fake-data/blob/hipster.txt;true
2;../fake-data/blob/hipster.png;image/png;Dinar;Car b;../fake-data/blob/hipster.txt;true
3;../fake-data/blob/hipster.png;image/png;Outdoors deposit;des Nord-Pas-de-Calais;../fake-data/blob/hipster.txt;false
4;../fake-data/blob/hipster.png;image/png;parsing a redundant;Home Costa;../fake-data/blob/hipster.txt;true
5;../fake-data/blob/hipster.png;image/png;application sky Producteur;Small superstructure Colombie;../fake-data/blob/hipster.txt;true
6;../fake-data/blob/hipster.png;image/png;a Nord-Pas-de-Calais;a;../fake-data/blob/hipster.txt;false
7;../fake-data/blob/hipster.png;image/png;Buckinghamshire Buckinghamshire neural;Alsace a auxiliary;../fake-data/blob/hipster.txt;true
8;../fake-data/blob/hipster.png;image/png;Automotive Savings;client-driven Mouffetard;../fake-data/blob/hipster.txt;false
9;../fake-data/blob/hipster.png;image/png;Concrete synthesize transmitting;b neutral;../fake-data/blob/hipster.txt;false
10;../fake-data/blob/hipster.png;image/png;methodology Franche-Comt√©;Computers Intuitive platforms;../fake-data/blob/hipster.txt;true
